customer_id,customer_name,customer_segment,industry,city,credit_limit,credit_days,customer_risk_tier,relationship_since
CUS-0001,"Ghosh, Panchal and Mall",SME,PHARMA,Chennai,1737631.93,60,MEDIUM,2023-02-20
CUS-0002,Palla-Narayanan,SME,MANUFACTURING,Bangalore,1483870.89,45,LOW,2024-11-02
CUS-0003,"Tella, Krishnamurthy and Mukherjee",ENTERPRISE,IT,Hyderabad,31516955.77,45,MEDIUM,2022-01-05
CUS-0004,Ghosh Inc,ENTERPRISE,RETAIL,Bangalore,48074588.25,45,LOW,2022-06-06
CUS-0005,Narayanan and Sons,STARTUP,PHARMA,Hyderabad,489246.31,60,LOW,2022-08-15
CUS-0006,"Ghose, Bahri and Sridhar",SME,MANUFACTURING,Hyderabad,3098084.65,30,LOW,2021-11-30
CUS-0007,"Shukla, Deshpande and Contractor",STARTUP,MANUFACTURING,Hyderabad,281364.12,45,MEDIUM,2024-10-07
CUS-0008,Kothari-Garg,ENTERPRISE,MANUFACTURING,Bangalore,17014001.99,60,MEDIUM,2024-04-01
CUS-0009,Dugal LLC,ENTERPRISE,MANUFACTURING,Hyderabad,25801709.53,30,MEDIUM,2022-11-15
CUS-0010,"Oza, Shenoy and Kibe",ENTERPRISE,PHARMA,Hyderabad,6444510.98,30,LOW,2024-11-25
CUS-0011,"Dash, Din and Patil",SME,MANUFACTURING,Bangalore,4615464.15,60,LOW,2024-05-14
CUS-0012,"Naik, Sama and Kapur",ENTERPRISE,MANUFACTURING,Bangalore,31306369.56,45,LOW,2022-12-09
CUS-0013,Kumer-Srinivasan,ENTERPRISE,IT,Bangalore,7120236.89,30,MEDIUM,2024-02-13
CUS-0014,Menon Inc,SME,BFSI,Chennai,2606224.5,60,LOW,2023-06-27
CUS-0015,Bassi-Ravel,STARTUP,MANUFACTURING,Delhi,236070.19,30,LOW,2022-11-20
CUS-0016,Tripathi Ltd,STARTUP,BFSI,Hyderabad,300234.45,60,LOW,2024-02-20
CUS-0017,Sheth and Sons,SME,PHARMA,Chennai,2182612.34,60,HIGH,2024-09-20
CUS-0018,"Dhaliwal, Vora and Memon",SME,RETAIL,Mumbai,4680943.77,30,MEDIUM,2021-11-15
CUS-0019,Sandhu Group,ENTERPRISE,PHARMA,Mumbai,30531062.47,30,MEDIUM,2025-04-02
CUS-0020,"Sura, Badami and Kota",SME,MANUFACTURING,Bangalore,1243071.32,60,MEDIUM,2024-09-07
CUS-0021,"Batra, Savant and Bali",SME,PHARMA,Delhi,2295465.35,30,LOW,2024-01-03
CUS-0022,Rau-Choudhry,ENTERPRISE,BFSI,Chennai,7881165.33,60,LOW,2021-08-28
CUS-0023,Viswanathan PLC,SME,MANUFACTURING,Hyderabad,4574390.06,60,LOW,2023-06-27
CUS-0024,"Bala, Chowdhury and Narasimhan",SME,MANUFACTURING,Delhi,3755086.55,45,LOW,2023-08-05
CUS-0025,"Bahri, Cheema and Patla",ENTERPRISE,BFSI,Chennai,9361886.64,30,LOW,2023-03-06
CUS-0026,"Shroff, Hari and Oza",SME,IT,Mumbai,4377526.41,45,LOW,2023-05-04
CUS-0027,Patla-Konda,ENTERPRISE,PHARMA,Chennai,25818263.08,30,MEDIUM,2025-05-10
CUS-0028,"Rout, Yadav and Sharaf",SME,MANUFACTURING,Mumbai,566410.35,45,MEDIUM,2022-03-09
CUS-0029,Contractor-Taneja,SME,IT,Hyderabad,2304681.32,45,LOW,2025-02-10
CUS-0030,"Dhaliwal, Kant and Sankaran",ENTERPRISE,IT,Mumbai,36346617.66,30,MEDIUM,2024-07-14
CUS-0031,Srivastava-Loke,ENTERPRISE,BFSI,Chennai,48591921.42,60,MEDIUM,2024-01-25
CUS-0032,Sundaram-Gala,SME,MANUFACTURING,Chennai,2890067.61,60,LOW,2025-01-04
CUS-0033,Vasa Group,ENTERPRISE,PHARMA,Bangalore,43781864.09,30,LOW,2023-05-21
CUS-0034,"Dash, Barad and Jaggi",SME,MANUFACTURING,Hyderabad,3126525.3,30,HIGH,2024-10-05
CUS-0035,"Nadig, Arya and Sankaran",ENTERPRISE,BFSI,Chennai,10889522.7,45,HIGH,2023-09-05
CUS-0036,Nadig-Prabhu,SME,MANUFACTURING,Hyderabad,949915.62,30,LOW,2024-02-23
CUS-0037,"Varty, Devan and Rajan",STARTUP,PHARMA,Bangalore,433497.98,30,MEDIUM,2024-02-18
CUS-0038,"Wadhwa, Iyer and Gaba",SME,RETAIL,Chennai,4692902.18,30,MEDIUM,2024-10-20
CUS-0039,Venkataraman Group,SME,RETAIL,Bangalore,1767903.22,45,LOW,2023-11-01
CUS-0040,Kanda-Sood,ENTERPRISE,BFSI,Chennai,45867157.08,45,MEDIUM,2021-09-22
CUS-0041,Bedi PLC,SME,IT,Bangalore,1678798.68,30,LOW,2024-08-18
CUS-0042,Bhatia-Subramaniam,ENTERPRISE,RETAIL,Bangalore,47527292.26,60,LOW,2021-10-20
CUS-0043,"Das, Upadhyay and Mandal",ENTERPRISE,BFSI,Hyderabad,10735048.37,30,MEDIUM,2021-06-10
CUS-0044,"Oza, De and Krishna",SME,PHARMA,Mumbai,2091553.86,30,MEDIUM,2024-06-10
CUS-0045,Babu PLC,STARTUP,RETAIL,Delhi,452566.48,60,LOW,2022-02-23
CUS-0046,Tripathi-Ramachandran,STARTUP,BFSI,Delhi,414949.8,30,LOW,2025-05-23
CUS-0047,"Bala, Shukla and Keer",ENTERPRISE,MANUFACTURING,Chennai,46330335.56,60,MEDIUM,2025-03-28
CUS-0048,Subramanian Ltd,ENTERPRISE,PHARMA,Delhi,19771787.8,60,LOW,2022-04-27
CUS-0049,"Agate, Gala and Shere",STARTUP,MANUFACTURING,Bangalore,146136.7,45,HIGH,2023-06-28
CUS-0050,Sagar-Garde,ENTERPRISE,PHARMA,Chennai,31845706.47,45,LOW,2025-05-19
CUS-0051,Dyal-Sharma,STARTUP,PHARMA,Mumbai,274423.01,45,LOW,2024-10-01
CUS-0052,Deol-Setty,SME,BFSI,Hyderabad,4643468.85,60,MEDIUM,2022-04-16
CUS-0053,Korpal Group,SME,IT,Delhi,2310801.74,60,LOW,2022-08-23
CUS-0054,Mittal-Maharaj,SME,RETAIL,Hyderabad,3060973.65,30,MEDIUM,2022-03-18
CUS-0055,Ganesh-Dada,SME,MANUFACTURING,Bangalore,3446175.31,45,LOW,2024-02-02
CUS-0056,"Malhotra, Sabharwal and Pau",SME,PHARMA,Hyderabad,3811826.51,30,LOW,2023-07-02
CUS-0057,"Sur, Walla and Mann",STARTUP,BFSI,Chennai,189856.27,30,LOW,2023-03-03
CUS-0058,Morar-Lad,STARTUP,PHARMA,Mumbai,282166.47,60,MEDIUM,2023-06-26
CUS-0059,Bhalla Inc,SME,BFSI,Delhi,1597929.98,30,LOW,2024-03-16
CUS-0060,Ghosh and Sons,ENTERPRISE,BFSI,Delhi,48108471.9,30,LOW,2023-03-09
CUS-0061,Singh LLC,STARTUP,IT,Bangalore,338180.93,60,HIGH,2025-04-16
CUS-0062,"Dhillon, Shukla and Behl",STARTUP,IT,Delhi,278365.44,45,LOW,2022-04-13
CUS-0063,Sabharwal-Thaman,SME,MANUFACTURING,Hyderabad,1747901.09,45,LOW,2022-02-03
CUS-0064,Parikh-Sathe,ENTERPRISE,MANUFACTURING,Mumbai,17857766.79,30,LOW,2022-03-05
CUS-0065,"Oak, Sarkar and Magar",SME,IT,Delhi,1462787.95,30,LOW,2024-07-31
CUS-0066,Mammen-Nori,ENTERPRISE,PHARMA,Delhi,23906458.3,45,MEDIUM,2023-07-08
CUS-0067,Khosla-Luthra,ENTERPRISE,IT,Bangalore,20829146.12,60,HIGH,2022-04-07
CUS-0068,Dyal-Sarraf,SME,IT,Chennai,4540151.06,45,LOW,2023-03-18
CUS-0069,Deo-Vala,SME,MANUFACTURING,Bangalore,2319425.01,60,LOW,2025-04-11
CUS-0070,Dubey-Comar,ENTERPRISE,MANUFACTURING,Delhi,22730911.54,30,MEDIUM,2024-02-23
CUS-0071,Bera-Khurana,ENTERPRISE,IT,Hyderabad,22059673.89,45,MEDIUM,2022-06-23
CUS-0072,"Srivastava, Narayan and Bhandari",ENTERPRISE,RETAIL,Mumbai,8685780.47,60,HIGH,2023-07-16
CUS-0073,Murty-Badami,ENTERPRISE,BFSI,Bangalore,48077852.12,30,LOW,2022-05-16
CUS-0074,Sekhon Group,ENTERPRISE,RETAIL,Hyderabad,26310247.74,30,LOW,2024-07-11
CUS-0075,Peri-Ganguly,SME,RETAIL,Chennai,3732607.53,60,LOW,2021-06-30
CUS-0076,Thakur and Sons,ENTERPRISE,MANUFACTURING,Chennai,19038076.0,60,LOW,2025-02-14
CUS-0077,Nagi-Bhat,SME,PHARMA,Chennai,958555.87,60,MEDIUM,2023-09-01
CUS-0078,"Bhasin, Master and Ravi",SME,RETAIL,Chennai,2427701.06,45,LOW,2021-10-14
CUS-0079,Batra-Sem,STARTUP,MANUFACTURING,Delhi,354234.04,30,MEDIUM,2024-01-25
CUS-0080,"Arya, Banerjee and Gill",SME,IT,Delhi,1715370.78,45,LOW,2021-12-31
CUS-0081,"Gopal, Gour and Shenoy",STARTUP,RETAIL,Delhi,198198.07,30,HIGH,2021-09-07
CUS-0082,Raghavan-Dora,SME,RETAIL,Mumbai,3506848.12,45,LOW,2021-12-04
CUS-0083,"Sachdeva, Taneja and Mitra",ENTERPRISE,RETAIL,Bangalore,40902456.06,30,MEDIUM,2022-08-05
CUS-0084,Thaman PLC,SME,MANUFACTURING,Delhi,1586102.23,60,LOW,2023-01-08
CUS-0085,Comar Group,SME,MANUFACTURING,Hyderabad,577594.67,60,LOW,2025-05-06
CUS-0086,Kashyap-Palla,SME,RETAIL,Hyderabad,2889148.69,60,MEDIUM,2022-07-03
CUS-0087,Bajaj LLC,SME,PHARMA,Mumbai,1537421.19,30,LOW,2022-05-25
CUS-0088,Palla-Gill,ENTERPRISE,RETAIL,Chennai,26788936.42,30,LOW,2021-09-16
CUS-0089,Palla-Mann,ENTERPRISE,BFSI,Chennai,21239648.11,60,LOW,2025-03-01
CUS-0090,Prabhu Ltd,ENTERPRISE,BFSI,Bangalore,47484032.67,45,LOW,2024-08-07
CUS-0091,Pau and Sons,SME,IT,Chennai,1329636.52,30,HIGH,2024-03-02
CUS-0092,"Vohra, Mitra and Kala",SME,PHARMA,Hyderabad,3332505.68,30,LOW,2022-04-07
CUS-0093,Bajwa Inc,STARTUP,MANUFACTURING,Bangalore,342527.06,45,MEDIUM,2023-12-26
CUS-0094,Barman and Sons,SME,PHARMA,Chennai,4370750.0,60,LOW,2024-07-04
CUS-0095,Datta-Pradhan,STARTUP,BFSI,Mumbai,350206.01,30,LOW,2023-09-09
CUS-0096,"Patla, Majumdar and Lalla",ENTERPRISE,RETAIL,Chennai,8377919.1,30,LOW,2022-09-21
CUS-0097,Bhatti LLC,ENTERPRISE,RETAIL,Bangalore,17722326.79,60,LOW,2024-01-17
CUS-0098,Ahuja-Mandal,STARTUP,RETAIL,Mumbai,189923.78,30,LOW,2024-07-17
CUS-0099,Bhagat-Natt,ENTERPRISE,IT,Chennai,40668285.48,45,HIGH,2023-10-24
CUS-0100,"Chaudhuri, Bali and Goswami",SME,BFSI,Bangalore,4742043.08,30,LOW,2024-07-16
CUS-0101,"Joshi, Om and Samra",STARTUP,PHARMA,Bangalore,110345.96,30,LOW,2023-09-20
CUS-0102,"Singhal, Merchant and Mishra",STARTUP,IT,Bangalore,116092.67,60,MEDIUM,2024-05-28
CUS-0103,Chaudhary LLC,SME,BFSI,Delhi,4986254.64,45,MEDIUM,2023-04-27
CUS-0104,Goswami Ltd,SME,IT,Hyderabad,970699.48,60,LOW,2022-01-18
CUS-0105,Mukherjee Ltd,STARTUP,RETAIL,Chennai,281930.36,45,LOW,2021-12-01
CUS-0106,"Butala, Krishnamurthy and Kaur",STARTUP,BFSI,Mumbai,447746.99,60,LOW,2025-03-30
CUS-0107,Dhingra PLC,SME,PHARMA,Mumbai,3314339.34,45,LOW,2022-09-10
CUS-0108,Batra PLC,SME,MANUFACTURING,Mumbai,1046417.38,45,MEDIUM,2021-10-09
CUS-0109,Gera-Halder,SME,IT,Chennai,919441.41,60,HIGH,2024-12-08
CUS-0110,Rana-Patla,STARTUP,IT,Delhi,303548.81,30,LOW,2025-01-10
CUS-0111,Barman Ltd,SME,MANUFACTURING,Chennai,1357746.67,45,MEDIUM,2024-08-17
CUS-0112,Sachdev-Bhatia,SME,BFSI,Hyderabad,2029438.59,60,LOW,2023-11-28
CUS-0113,"Jain, Shah and Ahluwalia",ENTERPRISE,PHARMA,Delhi,31412197.51,45,LOW,2023-02-20
CUS-0114,Borah Group,SME,MANUFACTURING,Bangalore,2197445.24,45,MEDIUM,2024-05-05
CUS-0115,Pandit and Sons,ENTERPRISE,IT,Delhi,39899501.38,60,MEDIUM,2023-10-03
CUS-0116,Iyer-Gaba,SME,PHARMA,Hyderabad,1184473.94,30,LOW,2021-10-26
CUS-0117,"Ahluwalia, Kashyap and Naik",STARTUP,IT,Mumbai,282771.23,30,MEDIUM,2025-02-21
CUS-0118,"Gandhi, Dani and Tailor",SME,RETAIL,Bangalore,2023525.55,45,MEDIUM,2022-04-05
CUS-0119,Mallick-Sabharwal,STARTUP,PHARMA,Chennai,295178.99,30,LOW,2023-08-30
CUS-0120,Patil Inc,SME,BFSI,Chennai,4988416.65,45,LOW,2025-02-19
CUS-0121,"Ahluwalia, Dash and Acharya",ENTERPRISE,RETAIL,Hyderabad,18475973.61,45,LOW,2023-08-02
CUS-0122,"Date, Sur and Vyas",ENTERPRISE,BFSI,Bangalore,28902484.32,45,LOW,2023-05-04
CUS-0123,Pandya-Dhillon,SME,RETAIL,Delhi,4607730.57,45,LOW,2024-05-21
CUS-0124,"Nagar, Taneja and Arora",SME,BFSI,Delhi,2593639.65,45,LOW,2022-12-07
CUS-0125,"Nigam, Jha and Gulati",STARTUP,RETAIL,Mumbai,376125.4,45,LOW,2025-03-02
CUS-0126,Uppal-Lad,STARTUP,RETAIL,Chennai,243583.66,60,LOW,2024-08-11
CUS-0127,"Sahni, Prasad and Bhasin",SME,PHARMA,Delhi,4392803.29,45,HIGH,2022-07-08
CUS-0128,Lal-Nagi,SME,RETAIL,Mumbai,4108693.81,60,LOW,2022-12-06
CUS-0129,Mahajan Ltd,ENTERPRISE,RETAIL,Mumbai,33235614.85,30,LOW,2023-02-18
CUS-0130,Srivastava Group,STARTUP,RETAIL,Bangalore,180317.92,60,MEDIUM,2022-07-17
CUS-0131,Chandra-Swaminathan,STARTUP,RETAIL,Hyderabad,429875.93,30,LOW,2023-07-21
CUS-0132,Bandi and Sons,SME,IT,Bangalore,3893681.72,45,MEDIUM,2025-03-31
CUS-0133,Ghose-Dalal,ENTERPRISE,RETAIL,Bangalore,22755855.21,45,LOW,2023-04-08
CUS-0134,Varghese-Agarwal,STARTUP,PHARMA,Hyderabad,193528.76,60,LOW,2022-06-13
CUS-0135,"Butala, Dara and Jani",ENTERPRISE,IT,Chennai,7844766.85,30,LOW,2022-06-26
CUS-0136,Sagar-Swamy,ENTERPRISE,PHARMA,Mumbai,6674545.77,45,LOW,2021-06-04
CUS-0137,Virk Inc,SME,MANUFACTURING,Delhi,3844130.55,60,LOW,2024-08-17
CUS-0138,Soman and Sons,ENTERPRISE,RETAIL,Mumbai,27020616.7,45,LOW,2023-06-05
CUS-0139,Goyal and Sons,SME,RETAIL,Chennai,2132087.17,45,LOW,2024-08-10
CUS-0140,Madan Group,ENTERPRISE,MANUFACTURING,Bangalore,48569309.42,30,LOW,2025-05-14
CUS-0141,Kaur-Kala,ENTERPRISE,PHARMA,Mumbai,20007912.04,60,LOW,2023-08-27
CUS-0142,Sengupta-Barad,ENTERPRISE,BFSI,Hyderabad,44136294.2,30,HIGH,2022-12-29
CUS-0143,"Pal, Varughese and Dutt",STARTUP,MANUFACTURING,Chennai,143970.54,45,MEDIUM,2023-10-23
CUS-0144,"Prabhu, Keer and Vasa",SME,IT,Bangalore,1956971.58,30,LOW,2024-05-22
CUS-0145,"Oza, Chatterjee and Jaggi",SME,PHARMA,Mumbai,4001076.68,60,LOW,2023-02-09
CUS-0146,"Kurian, Sandhu and Bose",ENTERPRISE,BFSI,Chennai,40245214.82,45,LOW,2021-09-08
CUS-0147,Deshpande Group,STARTUP,BFSI,Hyderabad,384960.53,60,LOW,2023-03-28
CUS-0148,Chhabra Ltd,ENTERPRISE,IT,Bangalore,10678621.47,60,MEDIUM,2025-03-05
CUS-0149,"Ghosh, Shan and Iyer",ENTERPRISE,PHARMA,Mumbai,27749798.35,45,LOW,2025-05-14
CUS-0150,Dey and Sons,SME,BFSI,Hyderabad,2025192.28,45,LOW,2022-05-18
CUS-0151,Raval-Edwin,SME,BFSI,Chennai,4791166.33,30,LOW,2024-03-19
CUS-0152,"Shere, Bumb and Bhakta",SME,PHARMA,Bangalore,2176910.87,45,LOW,2024-06-14
CUS-0153,Nazareth-Dada,SME,BFSI,Hyderabad,4431233.18,60,LOW,2024-03-08
CUS-0154,"Choudhary, Kalita and Brar",SME,BFSI,Hyderabad,2783356.46,60,LOW,2024-11-10
CUS-0155,Setty and Sons,SME,PHARMA,Bangalore,3083450.02,60,MEDIUM,2025-04-14
CUS-0156,"Ahluwalia, Hayre and Ramachandran",SME,MANUFACTURING,Hyderabad,4680879.31,60,LOW,2024-03-02
CUS-0157,Dani Group,SME,IT,Chennai,2079605.39,30,LOW,2023-01-29
CUS-0158,Chowdhury Ltd,SME,IT,Hyderabad,912909.57,30,LOW,2022-11-11
CUS-0159,Wagle Inc,SME,BFSI,Mumbai,3995760.29,30,LOW,2023-07-24
CUS-0160,"Morar, Pant and Bedi",SME,PHARMA,Delhi,867116.87,45,LOW,2025-05-24
CUS-0161,"Badami, Gaba and Pingle",ENTERPRISE,PHARMA,Delhi,38972441.47,60,LOW,2024-07-03
CUS-0162,Ram-Oak,SME,RETAIL,Mumbai,2278685.28,30,LOW,2022-06-05
CUS-0163,"Balakrishnan, Hayre and Bose",SME,MANUFACTURING,Delhi,1039929.55,60,LOW,2021-07-06
CUS-0164,"Vora, Garg and Brar",SME,BFSI,Delhi,4250093.91,30,LOW,2022-02-13
CUS-0165,Lala PLC,SME,IT,Hyderabad,1908772.84,30,LOW,2024-01-27
CUS-0166,"Ahluwalia, Garg and Dixit",SME,RETAIL,Chennai,1273429.31,45,LOW,2023-08-24
CUS-0167,Keer-Mand,STARTUP,RETAIL,Hyderabad,309585.02,30,LOW,2023-04-16
CUS-0168,Chander-Shukla,SME,RETAIL,Hyderabad,2797174.78,60,LOW,2022-01-25
CUS-0169,Anne Inc,STARTUP,MANUFACTURING,Bangalore,141121.81,30,LOW,2022-08-17
CUS-0170,Solanki-Comar,SME,PHARMA,Bangalore,1297157.58,45,LOW,2022-04-16
CUS-0171,"Agate, Choudhary and Naidu",SME,RETAIL,Mumbai,3393463.24,45,LOW,2024-01-05
CUS-0172,Rao-Borde,ENTERPRISE,PHARMA,Chennai,24899362.87,45,LOW,2024-07-10
CUS-0173,"Sengupta, Johal and Dhar",SME,BFSI,Bangalore,2159319.2,60,MEDIUM,2022-02-18
CUS-0174,Mody Group,SME,IT,Bangalore,2994423.67,60,MEDIUM,2024-01-14
CUS-0175,Grover-Krish,ENTERPRISE,RETAIL,Chennai,32225262.53,60,LOW,2022-06-18
CUS-0176,Kari Ltd,SME,PHARMA,Mumbai,3684297.67,45,LOW,2022-02-09
CUS-0177,Vala-Amble,SME,RETAIL,Chennai,2339462.29,45,LOW,2022-01-15
CUS-0178,Ramaswamy LLC,ENTERPRISE,PHARMA,Mumbai,35527070.52,45,MEDIUM,2022-05-11
CUS-0179,Sen-Handa,ENTERPRISE,IT,Mumbai,34862544.77,60,MEDIUM,2022-03-29
CUS-0180,"Tripathi, Gulati and Mittal",SME,MANUFACTURING,Bangalore,3015149.32,30,LOW,2024-04-02
CUS-0181,Sem-Sani,SME,MANUFACTURING,Hyderabad,2128226.43,45,LOW,2024-10-09
CUS-0182,Luthra Ltd,ENTERPRISE,PHARMA,Bangalore,49998947.95,60,MEDIUM,2021-10-22
CUS-0183,Kari PLC,STARTUP,IT,Mumbai,406523.04,30,LOW,2022-08-12
CUS-0184,Chatterjee Ltd,ENTERPRISE,BFSI,Delhi,36178053.84,45,MEDIUM,2025-05-11
CUS-0185,"Kapadia, Koshy and Aggarwal",SME,IT,Mumbai,2498894.19,60,MEDIUM,2024-07-12
CUS-0186,"Sen, Ramanathan and Chandran",ENTERPRISE,PHARMA,Delhi,48451848.67,45,LOW,2024-11-16
CUS-0187,"Venkatesh, Parsa and Khosla",SME,MANUFACTURING,Bangalore,2763080.11,30,LOW,2024-02-01
CUS-0188,Prashad-Sane,STARTUP,PHARMA,Chennai,248484.84,45,HIGH,2022-07-21
CUS-0189,Rana-Sharaf,ENTERPRISE,BFSI,Mumbai,12214055.04,45,MEDIUM,2023-05-27
CUS-0190,Soni Group,STARTUP,IT,Chennai,258581.59,45,LOW,2025-05-19
CUS-0191,Sama-Ramanathan,ENTERPRISE,MANUFACTURING,Mumbai,19340819.4,30,LOW,2022-03-23
CUS-0192,Parmar and Sons,ENTERPRISE,IT,Bangalore,42339271.24,30,MEDIUM,2022-04-13
CUS-0193,"Badami, Aggarwal and Badal",STARTUP,PHARMA,Bangalore,159807.85,45,HIGH,2022-12-18
CUS-0194,Sankar-Bir,ENTERPRISE,PHARMA,Delhi,17964571.01,30,LOW,2023-09-09
CUS-0195,"Iyengar, Atwal and Grewal",ENTERPRISE,MANUFACTURING,Mumbai,45731609.85,45,LOW,2023-05-19
CUS-0196,Devan-Badami,SME,BFSI,Bangalore,1582539.07,45,MEDIUM,2023-07-07
CUS-0197,Hora-Dewan,ENTERPRISE,IT,Delhi,28672675.04,30,LOW,2023-11-20
CUS-0198,Dhillon-Mangal,SME,RETAIL,Mumbai,1641426.17,60,MEDIUM,2023-09-28
CUS-0199,"Sundaram, Rajagopal and Thaman",SME,RETAIL,Bangalore,3118564.95,45,LOW,2024-08-08
CUS-0200,"Sant, Venkatesh and Khosla",STARTUP,MANUFACTURING,Mumbai,285849.16,30,MEDIUM,2022-04-09
CUS-0201,"Devi, Chawla and Deo",SME,BFSI,Hyderabad,666427.06,45,MEDIUM,2022-03-23
CUS-0202,"Sastry, Sarin and Bhagat",SME,MANUFACTURING,Hyderabad,2943638.14,45,MEDIUM,2022-06-13
CUS-0203,"Mahal, Kala and Agrawal",STARTUP,IT,Delhi,209286.64,60,MEDIUM,2024-08-03
CUS-0204,"Loke, Sheth and D’Alia",SME,RETAIL,Bangalore,2025664.83,45,MEDIUM,2024-10-28
CUS-0205,Walla Ltd,STARTUP,PHARMA,Hyderabad,340981.32,45,MEDIUM,2022-04-06
CUS-0206,"Kibe, Kapoor and Nayak",ENTERPRISE,MANUFACTURING,Delhi,19756395.74,45,MEDIUM,2022-12-05
CUS-0207,Dhar-Sen,SME,BFSI,Chennai,4602232.54,60,LOW,2024-05-21
CUS-0208,Murthy LLC,SME,MANUFACTURING,Bangalore,4104931.89,60,HIGH,2021-10-10
CUS-0209,Mandal PLC,SME,IT,Bangalore,802550.13,30,LOW,2024-08-18
CUS-0210,Cherian-Karnik,SME,PHARMA,Mumbai,4769705.88,60,MEDIUM,2024-03-11
CUS-0211,"Sura, Vohra and Baral",SME,MANUFACTURING,Delhi,1754103.95,60,LOW,2025-04-01
CUS-0212,Bhatia and Sons,SME,PHARMA,Hyderabad,1677995.04,60,LOW,2025-05-01
CUS-0213,Jha-Mutti,STARTUP,IT,Chennai,441130.52,60,LOW,2022-01-16
CUS-0214,Sunder-Pandit,STARTUP,RETAIL,Hyderabad,383816.19,30,LOW,2022-10-01
CUS-0215,Dada-Nazareth,SME,BFSI,Mumbai,3369650.1,30,LOW,2024-10-27
CUS-0216,Dani-Narasimhan,ENTERPRISE,PHARMA,Mumbai,27230987.19,60,LOW,2024-06-28
CUS-0217,"Gulati, Amble and Khalsa",STARTUP,IT,Delhi,386773.44,60,LOW,2022-08-23
CUS-0218,Sunder Ltd,ENTERPRISE,RETAIL,Mumbai,48757087.92,60,MEDIUM,2021-09-11
CUS-0219,Ghosh-Dewan,SME,BFSI,Chennai,4848190.76,60,HIGH,2023-06-25
CUS-0220,"Bal, Arya and Zacharia",ENTERPRISE,PHARMA,Hyderabad,12409568.6,30,LOW,2023-03-21
CUS-0221,"Ganguly, Balakrishnan and Chaudry",ENTERPRISE,PHARMA,Chennai,33577569.11,60,LOW,2024-04-30
CUS-0222,"Ahuja, Bhatia and Bawa",SME,PHARMA,Hyderabad,3112909.26,60,MEDIUM,2021-12-01
CUS-0223,"Raghavan, Shukla and Wagle",ENTERPRISE,RETAIL,Mumbai,43870153.62,60,MEDIUM,2024-08-03
CUS-0224,Raghavan PLC,SME,RETAIL,Delhi,2741171.27,30,LOW,2021-11-30
CUS-0225,Deep LLC,STARTUP,IT,Delhi,129189.21,45,LOW,2022-02-02
CUS-0226,Verma-Bora,SME,RETAIL,Delhi,1146509.11,30,LOW,2024-09-23
CUS-0227,"Bhakta, Chaudhuri and Choudhry",SME,IT,Mumbai,977827.7,30,LOW,2023-02-13
CUS-0228,"Kale, Goyal and Cherian",ENTERPRISE,MANUFACTURING,Hyderabad,18059540.22,60,LOW,2025-04-02
CUS-0229,Gaba-Patla,SME,RETAIL,Delhi,1217040.85,30,LOW,2023-02-14
CUS-0230,Varghese and Sons,ENTERPRISE,BFSI,Chennai,22695898.29,45,LOW,2022-04-26
CUS-0231,Singh Ltd,SME,BFSI,Delhi,3444170.17,30,LOW,2023-12-09
CUS-0232,"Deshpande, Vyas and Loyal",STARTUP,PHARMA,Bangalore,246374.94,30,LOW,2024-08-02
CUS-0233,Srivastava-Ratti,SME,PHARMA,Bangalore,2238569.71,30,LOW,2024-01-23
CUS-0234,"Narain, D’Alia and Buch",ENTERPRISE,RETAIL,Mumbai,9350666.87,30,LOW,2025-02-05
CUS-0235,Comar and Sons,SME,IT,Bangalore,681147.08,45,MEDIUM,2024-12-17
CUS-0236,Chatterjee Group,ENTERPRISE,IT,Bangalore,45190926.14,60,LOW,2023-11-19
CUS-0237,Shukla-Shankar,STARTUP,PHARMA,Hyderabad,303885.64,45,LOW,2023-09-03
CUS-0238,"Chadha, Nagar and Patel",STARTUP,BFSI,Bangalore,491959.21,45,LOW,2021-08-12
CUS-0239,"Ghosh, Raja and Varughese",ENTERPRISE,BFSI,Bangalore,34501593.75,45,LOW,2023-02-13
CUS-0240,Dada Group,ENTERPRISE,MANUFACTURING,Chennai,33306135.85,60,LOW,2022-07-20
CUS-0241,Koshy-Kala,STARTUP,MANUFACTURING,Delhi,225476.99,60,LOW,2024-01-20
CUS-0242,"Bajwa, Kibe and Hans",SME,MANUFACTURING,Bangalore,4427679.69,30,LOW,2024-12-17
CUS-0243,Sani Group,SME,IT,Bangalore,2652669.43,45,HIGH,2022-05-25
CUS-0244,Bhagat Ltd,SME,RETAIL,Bangalore,4404444.82,45,MEDIUM,2021-06-05
CUS-0245,"Kaul, Mane and Memon",ENTERPRISE,RETAIL,Hyderabad,16093361.1,60,HIGH,2025-03-16
CUS-0246,Babu LLC,ENTERPRISE,RETAIL,Hyderabad,36724471.69,30,HIGH,2024-07-29
CUS-0247,Chakraborty-Memon,SME,MANUFACTURING,Hyderabad,4530922.08,30,LOW,2024-06-11
CUS-0248,Kar-Lata,ENTERPRISE,IT,Mumbai,37136357.94,30,LOW,2023-12-04
CUS-0249,Johal Group,STARTUP,PHARMA,Mumbai,208648.59,30,LOW,2023-07-14
CUS-0250,Venkataraman-Shetty,ENTERPRISE,RETAIL,Delhi,45733288.59,30,LOW,2023-10-20
CUS-0251,Anand-Boase,SME,IT,Delhi,4840334.45,60,LOW,2023-08-17
CUS-0252,Dayal Ltd,ENTERPRISE,BFSI,Bangalore,48376131.75,30,HIGH,2024-11-23
CUS-0253,Taneja Ltd,SME,MANUFACTURING,Chennai,4715012.21,45,LOW,2023-10-05
CUS-0254,"Bhat, Saraf and Lata",SME,BFSI,Chennai,3870514.41,45,LOW,2022-09-24
CUS-0255,Behl-Sachar,SME,PHARMA,Bangalore,4923472.5,45,HIGH,2025-04-06
CUS-0256,"Sankaran, Sachdev and Bahri",STARTUP,RETAIL,Mumbai,209134.83,60,MEDIUM,2024-10-13
CUS-0257,Hari Ltd,SME,PHARMA,Mumbai,1337895.81,30,MEDIUM,2021-11-30
CUS-0258,Saha and Sons,SME,IT,Chennai,2324706.69,30,LOW,2022-07-25
CUS-0259,"Bhat, Kurian and Chauhan",STARTUP,IT,Hyderabad,102732.05,45,LOW,2024-08-28
CUS-0260,Kurian and Sons,SME,BFSI,Chennai,551460.8,45,MEDIUM,2024-07-05
CUS-0261,Kalita LLC,SME,RETAIL,Chennai,2761342.12,60,MEDIUM,2025-03-12
CUS-0262,"Rajan, Gupta and Lalla",STARTUP,MANUFACTURING,Delhi,187651.44,60,LOW,2022-09-07
CUS-0263,Bumb-Pathak,STARTUP,MANUFACTURING,Mumbai,465118.76,60,MEDIUM,2023-09-11
CUS-0264,"Sinha, Randhawa and Grover",SME,BFSI,Bangalore,868416.38,30,MEDIUM,2024-06-09
CUS-0265,"Deep, Keer and Mahal",ENTERPRISE,RETAIL,Bangalore,29644216.19,45,LOW,2024-09-29
CUS-0266,Tella-Bath,ENTERPRISE,BFSI,Delhi,14243066.85,30,LOW,2022-06-14
CUS-0267,"Rege, Solanki and Chaudhry",SME,BFSI,Delhi,759815.51,45,MEDIUM,2024-04-28
CUS-0268,Puri-Sem,STARTUP,BFSI,Bangalore,118115.92,30,LOW,2022-10-20
CUS-0269,Chandran-Sharma,STARTUP,MANUFACTURING,Delhi,112693.95,45,LOW,2022-12-08
CUS-0270,"Boase, Walia and Mishra",STARTUP,PHARMA,Mumbai,462706.92,60,LOW,2024-09-05
CUS-0271,Dyal-Mistry,STARTUP,MANUFACTURING,Chennai,257223.45,30,LOW,2023-05-17
CUS-0272,Ratta-Hayre,STARTUP,MANUFACTURING,Mumbai,269651.21,45,LOW,2024-04-16
CUS-0273,Shah PLC,SME,IT,Bangalore,4718346.63,30,LOW,2022-04-06
CUS-0274,Chaudhari and Sons,ENTERPRISE,BFSI,Mumbai,8028090.63,60,MEDIUM,2023-12-26
CUS-0275,"Doshi, Rajagopal and Jaggi",ENTERPRISE,MANUFACTURING,Bangalore,24753326.52,45,MEDIUM,2024-04-14
CUS-0276,Saran-Gulati,ENTERPRISE,RETAIL,Mumbai,46237866.49,45,MEDIUM,2022-01-14
CUS-0277,Dua PLC,STARTUP,PHARMA,Bangalore,265424.08,60,LOW,2024-05-16
CUS-0278,"Master, Brahmbhatt and Mangal",STARTUP,IT,Bangalore,298248.31,45,HIGH,2022-12-21
CUS-0279,Baria PLC,SME,MANUFACTURING,Mumbai,1849498.22,45,LOW,2024-03-06
CUS-0280,Sama LLC,STARTUP,IT,Bangalore,123049.57,60,LOW,2022-04-29
CUS-0281,Vasa-More,ENTERPRISE,RETAIL,Chennai,15928633.22,60,HIGH,2023-03-03
CUS-0282,"Dayal, Dixit and Kale",SME,BFSI,Mumbai,1708077.15,60,MEDIUM,2022-11-08
CUS-0283,"Kant, Singh and Biswas",SME,BFSI,Mumbai,2657273.93,30,LOW,2022-02-07
CUS-0284,Kumer-Bajwa,STARTUP,PHARMA,Mumbai,291568.35,45,LOW,2022-09-28
CUS-0285,Kakar Group,STARTUP,RETAIL,Hyderabad,252264.7,45,LOW,2025-02-10
CUS-0286,"Thakur, Thakkar and Gaba",SME,RETAIL,Mumbai,2597018.3,45,MEDIUM,2021-07-14
CUS-0287,Gulati PLC,SME,PHARMA,Bangalore,4388381.79,60,LOW,2024-07-01
CUS-0288,"Aurora, Parsa and Jha",SME,MANUFACTURING,Delhi,1382863.02,60,LOW,2023-01-02
CUS-0289,Karpe-Tiwari,SME,IT,Delhi,1657970.41,30,HIGH,2024-01-21
CUS-0290,"Tailor, Bhargava and Chandra",SME,PHARMA,Chennai,1129813.38,60,LOW,2022-04-22
CUS-0291,"Mangat, Nath and Saran",ENTERPRISE,IT,Mumbai,43101382.24,60,MEDIUM,2025-01-19
CUS-0292,Dey Group,ENTERPRISE,PHARMA,Bangalore,36822630.37,45,LOW,2022-09-06
CUS-0293,Korpal-Chopra,SME,RETAIL,Bangalore,2894956.18,45,LOW,2024-04-14
CUS-0294,Radhakrishnan PLC,ENTERPRISE,BFSI,Chennai,41592074.94,60,HIGH,2021-08-03
CUS-0295,Yohannan Inc,ENTERPRISE,IT,Chennai,13636942.56,45,LOW,2024-08-13
CUS-0296,Balasubramanian-Mangat,STARTUP,BFSI,Chennai,378894.53,30,LOW,2021-07-04
CUS-0297,Kapadia Ltd,SME,BFSI,Delhi,2642022.95,45,MEDIUM,2024-10-31
CUS-0298,"Kapur, Sane and Tata",SME,BFSI,Mumbai,4897981.5,30,MEDIUM,2024-09-15
CUS-0299,"Suri, Sama and Naik",STARTUP,RETAIL,Bangalore,208438.02,60,HIGH,2023-02-04
CUS-0300,"Tandon, Basak and Varughese",SME,MANUFACTURING,Delhi,4326924.2,30,LOW,2021-08-25
CUS-0301,Sama PLC,ENTERPRISE,PHARMA,Hyderabad,30378118.98,45,MEDIUM,2022-01-03
CUS-0302,"Sankaran, Choudhry and Date",SME,RETAIL,Chennai,4948150.81,30,LOW,2023-05-18
CUS-0303,Ramakrishnan-Shah,SME,IT,Hyderabad,2032667.36,30,HIGH,2022-09-04
CUS-0304,"Balan, Viswanathan and Bobal",SME,IT,Delhi,2527475.88,30,LOW,2023-11-11
CUS-0305,Varkey PLC,SME,BFSI,Chennai,885623.53,45,MEDIUM,2022-11-17
CUS-0306,"Edwin, Karan and Sethi",ENTERPRISE,BFSI,Chennai,37025471.97,30,LOW,2023-04-17
CUS-0307,Pant Ltd,STARTUP,IT,Delhi,140892.57,60,LOW,2021-07-08
CUS-0308,"Tripathi, Oommen and Pingle",SME,PHARMA,Hyderabad,618178.57,45,LOW,2021-09-13
CUS-0309,Hegde and Sons,ENTERPRISE,MANUFACTURING,Bangalore,23621453.14,60,LOW,2024-02-11
CUS-0310,Mahajan-Deshpande,ENTERPRISE,BFSI,Mumbai,22132941.06,45,LOW,2023-10-21
CUS-0311,Sant-Ben,ENTERPRISE,IT,Bangalore,18488851.43,60,HIGH,2025-05-11
CUS-0312,Rana Group,ENTERPRISE,PHARMA,Delhi,9813756.54,45,LOW,2024-07-20
CUS-0313,Puri-Wadhwa,SME,RETAIL,Hyderabad,4205908.58,60,LOW,2022-06-21
CUS-0314,Bhalla PLC,STARTUP,RETAIL,Delhi,485829.85,60,HIGH,2023-05-21
CUS-0315,"Kapoor, Brar and Divan",SME,PHARMA,Mumbai,1761350.66,60,LOW,2024-03-13
CUS-0316,Chakrabarti PLC,STARTUP,MANUFACTURING,Delhi,110766.44,45,MEDIUM,2023-10-07
CUS-0317,Natarajan PLC,STARTUP,MANUFACTURING,Hyderabad,418018.25,30,MEDIUM,2021-12-26
CUS-0318,Devan-Gala,ENTERPRISE,PHARMA,Delhi,11936445.55,60,LOW,2022-02-26
CUS-0319,Nair and Sons,SME,RETAIL,Bangalore,4641764.83,60,LOW,2022-07-31
CUS-0320,Pant Ltd,SME,PHARMA,Chennai,3960293.22,60,LOW,2021-09-23
CUS-0321,Nagy-Kala,STARTUP,IT,Chennai,401073.11,30,HIGH,2023-04-15
CUS-0322,Bhatti-Parsa,ENTERPRISE,MANUFACTURING,Delhi,14990048.58,45,MEDIUM,2021-10-04
CUS-0323,Bhatti Ltd,SME,BFSI,Delhi,3148654.8,30,LOW,2025-01-26
CUS-0324,"Venkatesh, Narang and Barad",ENTERPRISE,RETAIL,Hyderabad,46424639.51,45,MEDIUM,2023-06-24
CUS-0325,Wali-Bala,SME,IT,Hyderabad,2673166.99,30,LOW,2023-10-08
CUS-0326,Goel LLC,SME,MANUFACTURING,Mumbai,1017883.7,60,MEDIUM,2025-05-18
CUS-0327,"Borra, Balasubramanian and Chhabra",ENTERPRISE,IT,Mumbai,12206107.0,30,LOW,2021-08-10
CUS-0328,Agate PLC,SME,PHARMA,Delhi,631365.23,45,LOW,2025-05-18
CUS-0329,Dixit-Mahal,ENTERPRISE,PHARMA,Chennai,14665824.73,60,MEDIUM,2024-10-15
CUS-0330,"Nigam, Puri and Sha",ENTERPRISE,PHARMA,Hyderabad,19669321.02,60,MEDIUM,2024-08-31
CUS-0331,"Johal, Bhatnagar and Varty",SME,MANUFACTURING,Hyderabad,1014044.33,60,LOW,2023-05-24
CUS-0332,Mody Ltd,SME,RETAIL,Mumbai,1909335.85,60,LOW,2024-06-25
CUS-0333,"Sachdeva, Sami and Tara",SME,PHARMA,Mumbai,3086627.2,60,LOW,2022-10-30
CUS-0334,Kala and Sons,ENTERPRISE,RETAIL,Chennai,17997564.83,45,MEDIUM,2022-03-16
CUS-0335,Ahluwalia LLC,ENTERPRISE,IT,Delhi,41684717.33,60,LOW,2022-09-23
CUS-0336,"Kota, Ganesh and Jayaraman",STARTUP,RETAIL,Chennai,112344.28,45,MEDIUM,2021-12-23
CUS-0337,Soni-Bora,ENTERPRISE,IT,Bangalore,17990163.96,60,MEDIUM,2023-11-05
CUS-0338,"De, Bandi and Tata",ENTERPRISE,BFSI,Delhi,10139299.31,60,LOW,2022-02-26
CUS-0339,Sawhney-Kibe,ENTERPRISE,BFSI,Delhi,24131960.9,45,LOW,2025-01-28
CUS-0340,Sood-Sheth,SME,MANUFACTURING,Mumbai,2475814.57,60,MEDIUM,2024-06-13
CUS-0341,"Thaman, Mistry and Nazareth",SME,MANUFACTURING,Mumbai,3698392.82,30,LOW,2024-02-18
CUS-0342,Patla-Shere,STARTUP,RETAIL,Hyderabad,338743.07,60,LOW,2023-02-17
CUS-0343,Korpal-Andra,ENTERPRISE,IT,Chennai,43610758.02,45,LOW,2023-05-31
CUS-0344,"Das, Chokshi and Narayan",STARTUP,MANUFACTURING,Delhi,199870.9,45,MEDIUM,2022-03-12
CUS-0345,Jha-Comar,ENTERPRISE,BFSI,Delhi,33458089.21,60,LOW,2024-09-16
CUS-0346,Dass PLC,SME,PHARMA,Chennai,4447928.11,60,LOW,2022-12-09
CUS-0347,Sawhney and Sons,ENTERPRISE,PHARMA,Delhi,48746763.14,30,MEDIUM,2022-11-23
CUS-0348,"Khare, Shankar and Deshmukh",STARTUP,PHARMA,Bangalore,229146.06,30,LOW,2022-02-22
CUS-0349,"Edwin, Kurian and Tank",SME,BFSI,Delhi,2046828.29,30,LOW,2023-12-06
CUS-0350,Venkataraman-Gara,ENTERPRISE,MANUFACTURING,Mumbai,43594322.0,60,HIGH,2023-07-07
CUS-0351,Taneja LLC,SME,BFSI,Hyderabad,4444677.67,60,LOW,2024-11-25
CUS-0352,"Barman, Dara and Barad",STARTUP,MANUFACTURING,Delhi,222203.7,60,MEDIUM,2023-04-19
CUS-0353,"Reddy, Varghese and Kalla",ENTERPRISE,PHARMA,Delhi,9283265.51,30,LOW,2023-01-29
CUS-0354,"Palan, Kari and Ramaswamy",ENTERPRISE,IT,Chennai,20460836.75,30,MEDIUM,2023-05-13
CUS-0355,"Sachar, Toor and Thakur",SME,MANUFACTURING,Delhi,960922.27,30,MEDIUM,2023-08-14
CUS-0356,"Chokshi, Oza and Dutta",SME,MANUFACTURING,Delhi,807852.23,45,MEDIUM,2021-07-12
CUS-0357,Kadakia Group,SME,MANUFACTURING,Chennai,1181183.59,30,MEDIUM,2022-04-09
CUS-0358,Srinivasan-Upadhyay,ENTERPRISE,MANUFACTURING,Mumbai,10542075.01,45,LOW,2021-08-19
CUS-0359,"Sunder, Gour and Pillai",SME,BFSI,Hyderabad,3204495.78,30,LOW,2025-03-29
CUS-0360,Babu Ltd,SME,MANUFACTURING,Delhi,3865296.38,45,LOW,2022-10-19
CUS-0361,D’Alia-Atwal,ENTERPRISE,RETAIL,Hyderabad,27481214.36,30,HIGH,2022-04-08
CUS-0362,Gour-De,SME,IT,Chennai,2393885.9,30,LOW,2025-01-06
CUS-0363,Oza-Shroff,SME,IT,Bangalore,1470843.22,45,HIGH,2022-07-26
CUS-0364,Lalla-Hans,SME,PHARMA,Bangalore,2369443.97,60,LOW,2024-06-11
CUS-0365,"Mani, Patel and Bhat",ENTERPRISE,MANUFACTURING,Bangalore,8761868.32,45,HIGH,2022-12-17
CUS-0366,Borra Ltd,SME,IT,Mumbai,4255369.11,30,LOW,2021-08-28
CUS-0367,"Nayar, Kanda and Jani",ENTERPRISE,MANUFACTURING,Chennai,46608248.95,30,LOW,2025-04-14
CUS-0368,"Sundaram, Badal and Rajagopal",SME,RETAIL,Mumbai,1237246.84,45,LOW,2023-01-08
CUS-0369,Ahuja Group,ENTERPRISE,BFSI,Hyderabad,40150579.1,45,MEDIUM,2024-11-27
CUS-0370,Dutt-Chaudhuri,ENTERPRISE,IT,Bangalore,7874239.51,45,LOW,2023-09-04
CUS-0371,Barad Inc,ENTERPRISE,PHARMA,Chennai,43671190.22,30,MEDIUM,2022-05-20
CUS-0372,Lanka LLC,SME,RETAIL,Delhi,4364100.54,30,LOW,2025-05-09
CUS-0373,Muni PLC,ENTERPRISE,IT,Mumbai,48215396.54,45,MEDIUM,2022-01-28
CUS-0374,Grewal-Dutt,ENTERPRISE,BFSI,Bangalore,46213464.42,60,LOW,2024-07-25
CUS-0375,Oza Inc,STARTUP,BFSI,Delhi,492565.55,45,HIGH,2024-06-27
CUS-0376,"Nadkarni, Kohli and Sant",SME,RETAIL,Bangalore,888734.85,45,LOW,2024-04-17
CUS-0377,Sachdev Inc,SME,MANUFACTURING,Bangalore,2157231.32,30,HIGH,2021-06-06
CUS-0378,Kota-Sachdev,ENTERPRISE,BFSI,Hyderabad,46957888.96,30,MEDIUM,2022-07-17
CUS-0379,"Bala, Singhal and Rai",SME,MANUFACTURING,Delhi,3821371.97,45,LOW,2023-04-27
CUS-0380,Merchant-Roy,STARTUP,MANUFACTURING,Bangalore,211930.11,45,LOW,2023-10-21
CUS-0381,Bhavsar-Borde,SME,MANUFACTURING,Delhi,4885496.56,30,LOW,2022-06-21
CUS-0382,"Deshpande, Baral and Doctor",SME,RETAIL,Delhi,3480997.68,60,LOW,2023-07-15
CUS-0383,Panchal Group,STARTUP,MANUFACTURING,Bangalore,193444.49,30,HIGH,2025-02-25
CUS-0384,Gopal PLC,ENTERPRISE,MANUFACTURING,Delhi,12396874.13,45,LOW,2022-12-29
CUS-0385,Sethi-Thaker,SME,PHARMA,Chennai,906894.0,30,LOW,2023-07-10
CUS-0386,Malhotra Inc,STARTUP,PHARMA,Chennai,199287.52,60,LOW,2021-07-25
CUS-0387,"Balasubramanian, Narasimhan and Rout",ENTERPRISE,PHARMA,Bangalore,41904032.71,30,MEDIUM,2024-04-01
CUS-0388,"Sekhon, Biswas and Balan",ENTERPRISE,MANUFACTURING,Mumbai,9585830.69,30,LOW,2025-04-02
CUS-0389,"Nagarajan, Mishra and Palla",STARTUP,RETAIL,Chennai,357874.01,30,LOW,2022-09-07
CUS-0390,"Bhatia, Issac and Raj",STARTUP,RETAIL,Chennai,423719.47,30,LOW,2022-11-10
CUS-0391,Minhas LLC,STARTUP,IT,Chennai,273262.55,45,MEDIUM,2023-06-27
CUS-0392,Kuruvilla-Manne,SME,MANUFACTURING,Chennai,1466222.48,60,LOW,2021-10-28
CUS-0393,"Shanker, Sood and Gill",SME,BFSI,Chennai,1827973.23,45,LOW,2022-05-19
CUS-0394,Walla-Swaminathan,SME,PHARMA,Chennai,3391936.37,45,LOW,2022-02-03
CUS-0395,Tripathi-Borde,SME,PHARMA,Hyderabad,2950330.13,45,HIGH,2022-10-05
CUS-0396,"Babu, Devan and Ramakrishnan",ENTERPRISE,RETAIL,Chennai,6172833.55,45,MEDIUM,2022-11-13
CUS-0397,Aggarwal LLC,SME,MANUFACTURING,Hyderabad,4998225.86,60,LOW,2023-06-21
CUS-0398,Mukherjee-Patil,STARTUP,IT,Hyderabad,498556.82,30,LOW,2023-01-02
CUS-0399,Bumb-Srivastava,ENTERPRISE,BFSI,Hyderabad,31663377.91,60,HIGH,2025-04-01
CUS-0400,Bal-Mittal,SME,IT,Bangalore,1347051.49,45,MEDIUM,2021-06-02
CUS-0401,Narula-Naik,ENTERPRISE,IT,Chennai,6708368.35,45,LOW,2024-09-18
CUS-0402,Dada Inc,STARTUP,RETAIL,Chennai,386775.05,30,HIGH,2024-05-06
CUS-0403,Shenoy-Pall,ENTERPRISE,RETAIL,Chennai,36711335.38,45,LOW,2024-04-20
CUS-0404,Bala-Nair,SME,MANUFACTURING,Delhi,3137074.98,60,LOW,2024-08-25
CUS-0405,Bal Ltd,STARTUP,PHARMA,Hyderabad,487497.16,30,MEDIUM,2024-04-01
CUS-0406,"Om, Sharaf and Mital",SME,MANUFACTURING,Chennai,2202728.49,60,LOW,2024-02-06
CUS-0407,Sodhi Group,STARTUP,PHARMA,Hyderabad,486073.58,60,LOW,2022-09-15
CUS-0408,Ramaswamy-Parekh,ENTERPRISE,MANUFACTURING,Hyderabad,30449761.08,45,MEDIUM,2023-03-02
CUS-0409,Dey-Bansal,ENTERPRISE,RETAIL,Delhi,44839411.4,30,MEDIUM,2023-02-09
CUS-0410,"Sama, Kunda and Borde",ENTERPRISE,BFSI,Chennai,16229338.84,45,LOW,2024-11-06
CUS-0411,Padmanabhan LLC,SME,RETAIL,Bangalore,1248522.99,45,MEDIUM,2024-11-13
CUS-0412,Ratti-Maharaj,ENTERPRISE,MANUFACTURING,Delhi,26577016.27,30,MEDIUM,2023-06-21
CUS-0413,"Bora, Shroff and Golla",SME,RETAIL,Mumbai,590350.99,45,LOW,2021-08-07
CUS-0414,Buch-Murty,ENTERPRISE,PHARMA,Delhi,8375108.95,60,LOW,2021-08-29
CUS-0415,Kata Group,ENTERPRISE,BFSI,Hyderabad,47409901.61,30,LOW,2025-04-10
CUS-0416,"Narayan, Sarkar and Setty",STARTUP,RETAIL,Hyderabad,470229.44,30,LOW,2024-04-13
CUS-0417,Agarwal Ltd,ENTERPRISE,BFSI,Delhi,22680599.66,30,LOW,2024-04-17
CUS-0418,"Sheth, Borra and Modi",ENTERPRISE,MANUFACTURING,Hyderabad,34790910.17,30,LOW,2023-03-23
CUS-0419,Kale-Mandal,SME,RETAIL,Chennai,4031944.58,60,MEDIUM,2025-02-22
CUS-0420,Ahluwalia Inc,SME,RETAIL,Delhi,4484717.12,45,LOW,2022-07-20
CUS-0421,Chandran-Ram,ENTERPRISE,BFSI,Chennai,42668543.85,60,MEDIUM,2023-06-15
CUS-0422,Divan PLC,SME,IT,Bangalore,4868174.92,45,LOW,2024-05-23
CUS-0423,Roy LLC,STARTUP,RETAIL,Chennai,329085.72,45,LOW,2024-12-21
CUS-0424,Batra-Kumer,STARTUP,PHARMA,Mumbai,460182.02,30,MEDIUM,2023-08-24
CUS-0425,Sami-Wali,STARTUP,MANUFACTURING,Mumbai,166865.91,30,LOW,2023-07-09
CUS-0426,Zacharia Ltd,SME,PHARMA,Hyderabad,2459269.6,45,MEDIUM,2024-11-13
CUS-0427,Prabhu-Narasimhan,STARTUP,RETAIL,Hyderabad,255239.66,60,LOW,2024-05-23
CUS-0428,Jain PLC,SME,IT,Chennai,4039477.87,45,LOW,2023-11-28
CUS-0429,Raju-Kala,ENTERPRISE,BFSI,Bangalore,30496726.72,30,LOW,2022-04-29
CUS-0430,"Agrawal, Vaidya and Buch",SME,IT,Bangalore,4460611.03,60,LOW,2024-06-03
CUS-0431,Chakraborty-Dixit,SME,IT,Chennai,2313382.81,45,MEDIUM,2024-09-08
CUS-0432,"Agate, Hegde and Raja",STARTUP,RETAIL,Chennai,398299.93,45,HIGH,2021-10-24
CUS-0433,De Inc,STARTUP,BFSI,Mumbai,296647.69,30,MEDIUM,2024-10-21
CUS-0434,Desai LLC,SME,PHARMA,Chennai,3983139.05,30,MEDIUM,2022-07-31
CUS-0435,Karnik and Sons,SME,RETAIL,Chennai,2332266.62,60,LOW,2024-05-23
CUS-0436,Chandra PLC,SME,PHARMA,Bangalore,3693062.29,30,MEDIUM,2024-04-13
CUS-0437,Buch-Garde,ENTERPRISE,BFSI,Hyderabad,44383125.03,60,LOW,2024-11-19
CUS-0438,Mann LLC,ENTERPRISE,BFSI,Mumbai,21575836.74,45,HIGH,2022-09-17
CUS-0439,Bala-Zachariah,SME,RETAIL,Mumbai,4822341.7,45,LOW,2022-04-27
CUS-0440,"Bala, Rastogi and Karnik",SME,PHARMA,Mumbai,1782812.19,30,LOW,2021-06-13
CUS-0441,Barad LLC,SME,BFSI,Delhi,1710876.11,30,LOW,2022-12-26
CUS-0442,Goyal-Muni,SME,RETAIL,Hyderabad,538086.77,45,MEDIUM,2023-04-26
CUS-0443,Thaker-Date,STARTUP,PHARMA,Bangalore,187283.62,45,LOW,2022-10-11
CUS-0444,"Ramanathan, Basu and Dugar",SME,PHARMA,Bangalore,4997432.21,60,MEDIUM,2023-03-11
CUS-0445,"Ratta, Sahota and Ganesan",ENTERPRISE,RETAIL,Hyderabad,35798591.11,45,LOW,2025-05-02
CUS-0446,Bajwa-Jha,SME,MANUFACTURING,Chennai,3431599.11,60,LOW,2024-12-16
CUS-0447,Sangha-Krishnamurthy,SME,RETAIL,Hyderabad,1129682.79,45,LOW,2023-04-30
CUS-0448,Ahuja PLC,SME,RETAIL,Mumbai,3123606.66,60,MEDIUM,2022-09-24
CUS-0449,Badal-Dewan,SME,MANUFACTURING,Bangalore,4579369.27,30,LOW,2022-02-08
CUS-0450,"Comar, Dass and Mallick",ENTERPRISE,MANUFACTURING,Hyderabad,26185139.27,60,LOW,2024-11-16
CUS-0451,Dayal Inc,ENTERPRISE,RETAIL,Hyderabad,20987752.83,45,MEDIUM,2023-05-12
CUS-0452,Singh-Samra,SME,PHARMA,Bangalore,1030016.62,30,MEDIUM,2024-04-22
CUS-0453,"Bala, Badami and Wali",SME,IT,Chennai,1039171.72,30,LOW,2023-06-29
CUS-0454,Ahluwalia-Krishna,ENTERPRISE,IT,Mumbai,14013346.59,45,HIGH,2024-10-22
CUS-0455,"Venkatesh, Agate and Sarkar",STARTUP,RETAIL,Chennai,233051.78,30,HIGH,2022-11-17
CUS-0456,Bahri Group,SME,BFSI,Mumbai,3980940.22,60,LOW,2023-08-12
CUS-0457,Borra-Parsa,SME,PHARMA,Mumbai,2430614.52,60,LOW,2023-12-26
CUS-0458,Devan LLC,SME,BFSI,Mumbai,1949959.1,30,LOW,2024-11-09
CUS-0459,"Baral, Lata and Divan",SME,MANUFACTURING,Chennai,1080188.6,30,LOW,2022-07-18
CUS-0460,Zachariah-Chaudhry,ENTERPRISE,MANUFACTURING,Hyderabad,18087250.63,45,LOW,2025-02-06
CUS-0461,Savant-Wali,SME,MANUFACTURING,Mumbai,4766379.59,60,LOW,2022-07-03
CUS-0462,Suresh-Sankar,STARTUP,BFSI,Delhi,301853.42,60,LOW,2024-08-03
CUS-0463,Hans Group,ENTERPRISE,BFSI,Chennai,29063004.54,60,MEDIUM,2025-04-04
CUS-0464,Hans LLC,ENTERPRISE,MANUFACTURING,Chennai,24994143.0,45,MEDIUM,2021-09-23
CUS-0465,Rama PLC,SME,IT,Chennai,2841391.55,60,MEDIUM,2021-06-26
CUS-0466,"Kumer, Mody and Andra",SME,MANUFACTURING,Hyderabad,1013056.49,60,LOW,2023-11-16
CUS-0467,Chada LLC,STARTUP,MANUFACTURING,Delhi,164149.44,45,LOW,2023-09-08
CUS-0468,Tara-Gupta,ENTERPRISE,IT,Mumbai,5573723.06,30,LOW,2024-06-03
CUS-0469,Sankaran-Jhaveri,SME,IT,Hyderabad,3756093.12,45,MEDIUM,2024-12-31
CUS-0470,Dube and Sons,SME,RETAIL,Delhi,1286158.14,60,LOW,2023-08-10
CUS-0471,"Khanna, Mody and Parekh",ENTERPRISE,MANUFACTURING,Hyderabad,43306065.53,45,LOW,2025-03-25
CUS-0472,"Sabharwal, Date and Mall",STARTUP,RETAIL,Mumbai,393227.18,30,LOW,2023-03-13
CUS-0473,Ray-Sodhi,SME,IT,Mumbai,1723248.91,30,MEDIUM,2021-07-26
CUS-0474,Arya-Khanna,ENTERPRISE,PHARMA,Delhi,37688500.04,60,LOW,2021-11-01
CUS-0475,D’Alia LLC,SME,MANUFACTURING,Delhi,2208878.51,45,LOW,2021-12-31
CUS-0476,Swamy-Garde,ENTERPRISE,PHARMA,Bangalore,23507791.87,60,LOW,2023-07-07
CUS-0477,Mohan and Sons,SME,PHARMA,Chennai,3514299.61,45,LOW,2022-06-16
CUS-0478,"Suri, Lad and Mital",SME,PHARMA,Bangalore,2055872.69,30,LOW,2024-08-12
CUS-0479,"Hayre, Balakrishnan and Chhabra",ENTERPRISE,MANUFACTURING,Chennai,47046713.92,45,LOW,2023-03-17
CUS-0480,"Mann, Khurana and Nagar",SME,IT,Delhi,1751707.09,30,LOW,2022-10-31
CUS-0481,Nigam-Om,ENTERPRISE,RETAIL,Chennai,24988499.44,45,LOW,2023-10-23
CUS-0482,"Sur, Batra and Lall",SME,BFSI,Bangalore,2315478.47,60,LOW,2024-01-12
CUS-0483,Bath-Sandhu,SME,RETAIL,Hyderabad,3030496.57,30,LOW,2025-05-13
CUS-0484,Nori Ltd,STARTUP,RETAIL,Delhi,406966.56,30,LOW,2023-08-25
CUS-0485,Buch-Sampath,ENTERPRISE,RETAIL,Bangalore,34650961.42,60,MEDIUM,2024-06-12
CUS-0486,Chakrabarti LLC,SME,IT,Chennai,4535947.03,45,MEDIUM,2021-08-21
CUS-0487,"Dhaliwal, Dugar and Sundaram",SME,MANUFACTURING,Hyderabad,4685973.17,30,LOW,2024-01-14
CUS-0488,"Kulkarni, Ray and Sahni",SME,IT,Delhi,3349582.1,60,LOW,2021-08-07
CUS-0489,Sundaram-Ganguly,SME,PHARMA,Delhi,4837346.4,60,MEDIUM,2023-08-07
CUS-0490,"Bhatt, Ravel and Devan",SME,MANUFACTURING,Chennai,4645230.41,45,LOW,2024-03-26
CUS-0491,Gupta Inc,SME,PHARMA,Mumbai,1948296.93,45,LOW,2023-06-22
CUS-0492,Basu and Sons,SME,PHARMA,Bangalore,1823780.94,45,LOW,2021-08-02
CUS-0493,"Dhaliwal, Sastry and Korpal",STARTUP,MANUFACTURING,Mumbai,394727.46,30,LOW,2025-03-20
CUS-0494,"Batta, Dugar and Mittal",SME,MANUFACTURING,Bangalore,2053821.11,60,HIGH,2024-12-12
CUS-0495,Rau-Nanda,SME,PHARMA,Delhi,1019323.64,60,LOW,2022-12-01
CUS-0496,"Sabharwal, Majumdar and Tara",SME,PHARMA,Chennai,1786675.91,30,MEDIUM,2023-05-17
CUS-0497,Batta PLC,SME,RETAIL,Hyderabad,754721.48,30,MEDIUM,2024-11-28
CUS-0498,Kashyap-Gour,STARTUP,IT,Chennai,401437.58,60,LOW,2025-04-30
CUS-0499,Kumar-Mangat,STARTUP,MANUFACTURING,Bangalore,396965.09,60,LOW,2024-04-28
CUS-0500,Sunder-Warrior,ENTERPRISE,RETAIL,Bangalore,34902210.59,30,HIGH,2023-04-19
